第30回大宮祭シフト,,,,,,,,,,,,
,,,1,2,3,4,5,6,7,8,9,10
番号,学番,担当,8:00~9:00,9:00~10:00,10:00~11:00,11:00~12:00,12:00~13:00,13:00~14:00,14:00~15:00,15:00~16:00,16:00~17:00,17:00~18:00
1,AC26079,,,,,,,,,,,
2,AD26007,,,,,,,,,,,
3,AD26068,,,,,,,,,,,
4,AD26070,,,,,,,,,,,
5,AD26099,,,,,,,,,,,
6,AD26105,,,,,,,,,,,
7,AE26006,,,,,,,,,,,
8,AE26043,,,,,,,,,,,
9,AE26048,,,,,,,,,,,
10,AG26028,,,,,,,,,,,
11,AL26050,,,,,,,,,,,
12,AL26062,,,,,,,,,,,
13,BB26056,,,,,,,,,,,
14,BD26001,,,,,,,,,,,
15,BD26044,,,,,,,,,,,
16,BF26017,,,,,,,,,,,
17,BF26021,,,,,,,,,,,
18,BH26069,,,,,,,,,,,
19,BJ26002,,,,,,,,,,,
20,BJ26041,,,,,,,,,,,
21,CY26123,,,,,,,,,,,
22,AA26004,,,,,,,,,,,
23,AA26111,,,,,,,,,,,
24,AC26003,,,,,,,,,,,
25,AC26029,,,,,,,,,,,
26,AC26080,,,,,,,,,,,
27,AE26011,,,,,,,,,,,
28,AE26016,,,,,,,,,,,
29,AE26020,,,,,,,,,,,
30,AE26036,,,,,,,,,,,
31,AE26052,,,,,,,,,,,
32,AF26028,,,,,,,,,,,
33,AF26063,,,,,,,,,,,
34,AA26016,,,,,,,,,,,
35,AA26070,,,,,,,,,,,
36,AA26071,,,,,,,,,,,
37,AA26073,,,,,,,,,,,
38,AC26070,,,,,,,,,,,
39,AC26077,,,,,,,,,,,
40,AC26103,,,,,,,,,,,
41,AD26015,,,,,,,,,,,
42,AD26016,,,,,,,,,,,
43,AD26019,,,,,,,,,,,
44,AD26039,,,,,,,,,,,
45,AD26042,,,,,,,,,,,
46,AD26055,,,,,,,,,,,
47,AD26071,,,,,,,,,,,
48,AD26072,,,,,,,,,,,
49,AD26075,,,,,,,,,,,
50,AD26082,,,,,,,,,,,
51,AD26087,,,,,,,,,,,
52,AD26110,,,,,,,,,,,
53,AF26077,,,,,,,,,,,
54,AF26091,,,,,,,,,,,
55,AH26028,,,,,,,,,,,
56,AH26074,,,,,,,,,,,
57,AL26032,,,,,,,,,,,
58,BB26038,,,,,,,,,,,
59,BC26064,,,,,,,,,,,
60,BD26018,,,,,,,,,,,
61,BE26102,,,,,,,,,,,
62,BF26010,,,,,,,,,,,
63,BF26027,,,,,,,,,,,
64,BF26030,,,,,,,,,,,
65,BJ26066,,,,,,,,,,,
66,CY26029,,,,,,,,,,,
67,CY26208,,,,,,,,,,,
68,CY26228,,,,,,,,,,,
69,CY26231,,,,,,,,,,,
70,AA26025,,,,,,,,,,,
71,AH26078,,,,,,,,,,,
72,AH26082,,,,,,,,,,,
73,BA26045,,,,,,,,,,,
74,BC26018,,,,,,,,,,,
75,BE26024,,,,,,,,,,,
76,BG26020,,,,,,,,,,,
77,BJ26003,,,,,,,,,,,
78,BJ26021,,,,,,,,,,,
79,BM26060,,,,,,,,,,,
80,CY26003,,,,,,,,,,,
81,CY26254,,,,,,,,,,,
82,AA26001,,,,,,,,,,,
83,AC26050,,,,,,,,,,,
84,AD26045,,,,,,,,,,,
85,AE26015,,,,,,,,,,,
86,AE26078,,,,,,,,,,,
87,AE26087,,,,,,,,,,,
88,AE26098,,,,,,,,,,,
89,AF26020,,,,,,,,,,,
90,AF26045,,,,,,,,,,,
91,AF26063,,,,,,,,,,,
92,AF26095,,,,,,,,,,,
93,AH26014,,,,,,,,,,,
94,AH26017,,,,,,,,,,,
95,AH26022,,,,,,,,,,,
96,AH26027,,,,,,,,,,,
97,AH26039,,,,,,,,,,,
98,AH26076,,,,,,,,,,,
99,AL26071,,,,,,,,,,,
100,AL26072,,,,,,,,,,,
101,BA26050,,,,,,,,,,,
102,BB26021,,,,,,,,,,,
103,BB26047,,,,,,,,,,,
104,BD26010,,,,,,,,,,,
105,AE26021,,,,,,,,,,,
106,AF26062,,,,,,,,,,,
107,AH26021,,,,,,,,,,,
108,BH26032,,,,,,,,,,,
109,BJ26063,,,,,,,,,,,
110,CY26232,,,,,,,,,,,
111,CY26236,,,,,,,,,,,
112,AA26023,,,,,,,,,,,
113,AA26060,,,,,,,,,,,
114,AA26080,,,,,,,,,,,
115,AB26093,,,,,,,,,,,
116,AC26017,,,,,,,,,,,
117,AC26025,,,,,,,,,,,
118,AC26038,,,,,,,,,,,
119,AD26037 ,,,,,,,,,,,
120,AD26067,,,,,,,,,,,
121,AD26085,,,,,,,,,,,
122,AF26082,,,,,,,,,,,
123,AF26096,,,,,,,,,,,
124,AH26052,,,,,,,,,,,
125,AH26054,,,,,,,,,,,
126,AH26093,,,,,,,,,,,
127,BB26025,,,,,,,,,,,
128,BB26048,,,,,,,,,,,
129,BE26098,,,,,,,,,,,
130,BF26041,,,,,,,,,,,
131,CY26011,,,,,,,,,,,
132,CY26014,,,,,,,,,,,
133,BD26021,,,,,,,,,,,
134,BE26096,,,,,,,,,,,
135,BF26002,,,,,,,,,,,
136,BG26036,,,,,,,,,,,
137,BH26020,,,,,,,,,,,
138,BH26023,,,,,,,,,,,
139,BJ26029,,,,,,,,,,,
140,BJ26032,,,,,,,,,,,
141,CY26012,,,,,,,,,,,
142,AD26063,,,,,,,,,,,
143,AF26086,,,,,,,,,,,
144,BF26068,,,,,,,,,,,
145,AB26021,,,,,,,,,,,
146,AD26064,,,,,,,,,,,
147,AL26021,,,,,,,,,,,
148,BE26080,,,,,,,,,,,
149,,,,,,,,,,,,
150,,,,,,,,,,,,
151,,,,,,,,,,,,
152,,,,,,,,,,,,
153,,,,,,,,,,,,
154,,,,,,,,,,,,
155,,,,,,,,,,,,
156,,,,,,,,,,,,
157,,,,,,,,,,,,
158,,,,,,,,,,,,
159,,,,,,,,,,,,
160,,,,,,,,,,,,
161,,,,,,,,,,,,
162,,,,,,,,,,,,
163,,,,,,,,,,,,
164,,,,,,,,,,,,
165,,,,,,,,,,,,
166,,,,,,,,,,,,
167,,,,,,,,,,,,
168,,,,,,,,,,,,
169,,,,,,,,,,,,
170,,,,,,,,,,,,
171,,,,,,,,,,,,
172,,,,,,,,,,,,
173,,,,,,,,,,,,
174,,,,,,,,,,,,
175,,,,,,,,,,,,
176,,,,,,,,,,,,
177,,,,,,,,,,,,
178,,,,,,,,,,,,
179,,,,,,,,,,,,
180,,,,,,,,,,,,
181,,,,,,,,,,,,
182,,,,,,,,,,,,
183,,,,,,,,,,,,
184,,,,,,,,,,,,
185,,,,,,,,,,,,
186,,,,,,,,,,,,
187,,,,,,,,,,,,
188,,,,,,,,,,,,
189,,,,,,,,,,,,
190,,,,,,,,,,,,
191,,,,,,,,,,,,
192,,,,,,,,,,,,
193,,,,,,,,,,,,
194,,,,,,,,,,,,
195,,,,,,,,,,,,
196,,,,,,,,,,,,
197,,,,,,,,,,,,
198,,,,,,,,,,,,
199,,,,,,,,,,,,
200,,,,,,,,,,,,
